model_name,run,dataset,correct,total,accuracy
qwenbase,0,MATH500,345.0,500.0,69.0
qwenbase,0,AIME24,3.0,30.0,10.0
qwenbase,0,AIME25,4.0,30.0,13.333333333333334
qwenbase,0,AMC23,16.0,40.0,40.0
qwenbase,0,MacroAverage,,,33.08333333333333
qwenbase,1,MATH500,354.0,500.0,70.8
qwenbase,1,AIME24,5.0,30.0,16.666666666666668
qwenbase,1,AIME25,2.0,30.0,6.666666666666667
qwenbase,1,AMC23,20.0,40.0,50.0
qwenbase,1,MacroAverage,,,36.03333333333333
qwenbase,2,MATH500,347.0,500.0,69.4
qwenbase,2,AIME24,3.0,30.0,10.0
qwenbase,2,AIME25,3.0,30.0,10.0
qwenbase,2,AMC23,21.0,40.0,52.5
qwenbase,2,MacroAverage,,,35.475
qwenbase,3,MATH500,357.0,500.0,71.4
qwenbase,3,AIME24,3.0,30.0,10.0
qwenbase,3,AIME25,2.0,30.0,6.666666666666667
qwenbase,3,AMC23,19.0,40.0,47.5
qwenbase,3,MacroAverage,,,33.891666666666666
qwenbase,4,MATH500,349.0,500.0,69.8
qwenbase,4,AIME24,3.0,30.0,10.0
qwenbase,4,AIME25,3.0,30.0,10.0
qwenbase,4,AMC23,16.0,40.0,40.0
qwenbase,4,MacroAverage,,,32.45
qwenbase,5,MATH500,344.0,500.0,68.8
qwenbase,5,AIME24,4.0,30.0,13.333333333333334
qwenbase,5,AIME25,1.0,30.0,3.3333333333333335
qwenbase,5,AMC23,14.0,40.0,35.0
qwenbase,5,MacroAverage,,,30.116666666666664
qwenbase,6,MATH500,345.0,500.0,69.0
qwenbase,6,AIME24,2.0,30.0,6.666666666666667
qwenbase,6,AIME25,0.0,30.0,0.0
qwenbase,6,AMC23,20.0,40.0,50.0
qwenbase,6,MacroAverage,,,31.416666666666668
qwenbase,7,MATH500,341.0,500.0,68.2
qwenbase,7,AIME24,3.0,30.0,10.0
qwenbase,7,AIME25,4.0,30.0,13.333333333333334
qwenbase,7,AMC23,18.0,40.0,45.0
qwenbase,7,MacroAverage,,,34.13333333333333
qwenbase,8,MATH500,346.0,500.0,69.2
qwenbase,8,AIME24,2.0,30.0,6.666666666666667
qwenbase,8,AIME25,3.0,30.0,10.0
qwenbase,8,AMC23,20.0,40.0,50.0
qwenbase,8,MacroAverage,,,33.96666666666667
qwenbase,9,MATH500,340.0,500.0,68.0
qwenbase,9,AIME24,3.0,30.0,10.0
qwenbase,9,AIME25,0.0,30.0,0.0
qwenbase,9,AMC23,21.0,40.0,52.5
qwenbase,9,MacroAverage,,,32.625
